id,doc,chain,sourceLink,token,gapWords,roleType,charCount,tokenCount,gapUnits,kind,endNote,lit,POS_dft,wordWylie,word,tokenOrderFirst,tokenOrderLast,docTokenSeqFirst,docTokenSeqLast,chainCreateSeq,name,trailLayer,chainSize,entityType,layer,unitSeqFirst,unitSeqLast,treeEntry,combinedChunk,TextNoTsheg,TextNoCase,case,yang,ni,possessor,person,id_lower,doc_lower,unitStart,unitEnd,pID,inClique,srtLineStart,srtLineBo,iuEnd,iuStart,srtLineEn,iu,srtLineID,iuText,speaker,srtLineEnd,word_lower,wordWylie_lower,docTokenSeqFirst_lower,docTokenSeqLast_lower,reflexive,pronType,definite,identifiable,semrole,lexicality,referential,unitLastWord,treeParent,verbID,verbWord,lemma,suffix,force,evidMod,TA,subord,verbTokenSeqFirst,noPrevMentions,noPrevZero,noNextMentions,noNextZero,allPrevMentions,allPrevZero,allNextMentions,allNextZero,noPrevMentionsFar,noPrevZeroFar,noNextMentionsFar,noNextZeroFar,bridge,haveBridges,local,argOrder,noArgs,argBack,justFirst,justLast,interrog,argType,topic,animate,self,addressee,length,pronom,argTypeNew
7C315A223EF2,three-friction-2883,2EC8456CE885B,,37F05C2DA4497,N/A,P,4,1,N/A,,,,,'di ,འདི་,2,2,350,350,42,khyim bdag tshogs 'du dang glog rin,NA,1,abstract,refexpr,65,65,297DAA6CA1CEF,,འདི,འདི,NA,,,FALSE,3,93CBCE6DEA1D,three-friction-2883,79.48295568387364,80.59711157834731,NA,NA,75.666,འདིར་༿འི་༾འདི་གློག་རིན་བསྐྱལ་དགོས་ཀྱིས་ད་འདི་ཁྱེད་རང་གིས་གནང་ཨ་དེ་རིང་། ,80.59711157834731,79.48295568387364,"Here, this is the electricity bill. We have to go pay it. Today you do this.",65,22,ད་འདི་ཁྱེད་རང་གིས་གནང་ཨ་,ཨ་མ་ལགས་,79.914,ད་ འདི་ ཁྱེད་རང་ གིས་ གནང་ ཨ་,da  'di  khyed rang  gis  gnang  a ,349,354,N,dem,d,2,theme,p,R,ད་ འདི་ ཁྱེད་རང་ གིས་ གནང་ ཨ་,22AF41FFB4A24,2F0F05BC5CE1A,གནང་ ཨ་,གནང,ཨ,Ind,None,Neutral,NA,353,0,0,0,0,0,0,0,0,0,0,0,0,3,1,0,1,2,2,0,0,0,P,1,0,0,0,0.6931471805599453,1,P
27E7B887A58FA,three-friction-2883,3560A34174F82,125B7813F904B,CBA37E02E16B,27,A,13,2,5,,,,,khyed rang  gis ,ཁྱེད་རང་ གིས་,3,4,351,352,1,pa lags,NA,23,person,refexpr,65,65,31BD37BBC1F53,,ཁྱེད་རང་ གིས,ཁྱེད་རང,གིས,,,FALSE,2,93CBCE6DEA1D,three-friction-2883,79.48295568387364,80.59711157834731,NA,NA,75.666,འདིར་༿འི་༾འདི་གློག་རིན་བསྐྱལ་དགོས་ཀྱིས་ད་འདི་ཁྱེད་རང་གིས་གནང་ཨ་དེ་རིང་། ,80.59711157834731,79.48295568387364,"Here, this is the electricity bill. We have to go pay it. Today you do this.",65,22,ད་འདི་ཁྱེད་རང་གིས་གནང་ཨ་,ཨ་མ་ལགས་,79.914,ད་ འདི་ ཁྱེད་རང་ གིས་ གནང་ ཨ་,da  'di  khyed rang  gis  gnang  a ,349,354,N,pers,d,2,agent,p,R,ད་ འདི་ ཁྱེད་རང་ གིས་ གནང་ ཨ་,22AF41FFB4A24,2F0F05BC5CE1A,གནང་ ཨ་,གནང,ཨ,Ind,None,Neutral,NA,353,0.6931471805599453,0.6931471805599453,0,0.6931471805599453,8,4,8,4,2.0794415416798357,3,2.1972245773362196,3,0,0,1,2,2,1,0,0,0,A,0,1,0,1,1.3862943611198906,1,Base
364557C9B7F30,three-friction-2883,364E26567F433,6747A7033068,2B71B20A51C4A,15,OBL,18,3,2,,,,,glog rin  rkub  la ,གློག་རིན་ རྐུབ་ ལ་,4,6,457,459,41,glog rin,NA,5,quantity,refexpr,88,88,2DE31CBA38728,,གློག་རིན་ རྐུབ་ ལ,གློག་རིན་རྐུབ,ལ,,,FALSE,3,E1E180D28A66,three-friction-2883,98.14448796380488,99.15419174317165,NA,NA,97.069,ཡང་མིན་ན་གློག་རིན་རྐུབ་༿རྗེས་༾ལ་ཁྱེད་རང་ཐད་་་་,99.15419174317165,98.14448796380488,"Either you go pay the electricity bill,",88,31,ཡང་མིན་ན་གློག་རིན་རྐུབ་༿རྗེས་༾ལ་ཁྱེད་རང་ཐད་་་་,པ་ལགས་,98.66,ཡང་ མིན་ ན་ གློག་རིན་ རྐུབ་ ལ་,yang  min  na  glog rin  rkub  la ,454,459,N,nonPron,na,2,NA,l,R,ཡང་ མིན་ ན་ གློག་རིན་ རྐུབ་ ལ་,3054E2BCA3565,101364B8E1494,ཐད་,ཐད,,Ind,None,Neutral,NA,461,0.6931471805599453,0,0.6931471805599453,0,3,0,1,0,1.0986122886681098,0,0,0,0,0,0,1,2,2,0,0,0,E,1,0,0,0,1.6094379124341003,0,E
21474C8E3FC41,three-friction-2883,1DC51B6CA2FE9,22851F16B8315,36B267544CD21,19,S,8,1,3,,,,,khyed rang ,ཁྱེད་རང་,1,1,460,460,4,a ma lags,NA,29,person,refexpr,89,89,126D414431738,,ཁྱེད་རང,ཁྱེད་རང,NA,,,FALSE,2,334755F036D17,three-friction-2883,99.15419174317165,99.52519626992756,NA,NA,97.069,ཡང་མིན་ན་གློག་རིན་རྐུབ་༿རྗེས་༾ལ་ཁྱེད་རང་ཐད་་་་,99.52519626992756,99.15419174317165,"Either you go pay the electricity bill,",89,31,ཁྱེད་རང་ཐད་་་་,པ་ལགས་,98.66,ཁྱེད་རང་ ཐད་ ་་་,khyed rang  thad     ,460,462,N,pers,d,2,agent,p,R,ཁྱེད་རང་ ཐད་ ་་་,3054E2BCA3565,101364B8E1494,ཐད་,ཐད,,Ind,None,Neutral,NA,461,0.6931471805599453,0.6931471805599453,1.0986122886681098,0.6931471805599453,15,9,3,9,2.70805020110221,8,0.6931471805599453,8,0,0,1,2,2,1,0,0,0,S,0,1,0,1,1.0986122886681098,1,Base
212CFAC7362DC,three-friction-2883,C564F72B33EB,1750C2F3EF8AB,CDD5582DC217,39,OBL,22,4,7,,,,,khyim bdag  rkub  la  yang ,ཁྱིམ་བདག་ རྐུབ་ ལ་ ཡང་,1,4,466,469,39,khyim bdag tshogs 'du,NA,4,event,refexpr,91,91,208F43F9A7B34,,ཁྱིམ་བདག་ རྐུབ་ ལ་ ཡང,ཁྱིམ་བདག་རྐུབ,ལ,ཡང,,FALSE,3,2C26B1A78FA95,three-friction-2883,100.92217094769545,101.7577878685507,NA,NA,98.66,ཡང་མིན་ན་ཁྱིམ་བདག་རྐུབ་༿རྗེས་༾ལ་ཡང་ཁྱེད་རང་ཐད་་,101.7577878685507,100.92217094769545,"Or you go to the meeting,",91,32,ཁྱིམ་བདག་རྐུབ་ལ་ཡ་,པ་ལགས་,101.273,ཁྱིམ་བདག་ རྐུབ་ ལ་ ཡང་,khyim bdag  rkub  la  yang ,466,469,N,nonPron,na,2,NA,l,R,ཁྱིམ་བདག་ རྐུབ་ ལ་ ཡང་,CA24B77C0025,2D2A00720DC77,ཐད་་,ཐད་,,Ind,None,Neutral,NA,471,0.6931471805599453,0,0,0,3,0,0,0,1.0986122886681098,0,0,0,0,0,0,1,2,2,0,0,0,E,1,0,0,0,1.791759469228055,0,E
D50B15DE7A21,three-friction-2883,1DC51B6CA2FE9,128B86B614743,152FB766B8FD9,10,S,8,1,3,,,,,khyed rang ,ཁྱེད་རང་,1,1,470,470,4,a ma lags,NA,29,person,refexpr,92,92,23A0DB7DA19FE,,ཁྱེད་རང,ཁྱེད་རང,NA,,,FALSE,2,1BE6F780A65FF,three-friction-2883,101.7577878685507,102.19300501482948,NA,NA,98.66,ཡང་མིན་ན་ཁྱིམ་བདག་རྐུབ་༿རྗེས་༾ལ་ཡང་ཁྱེད་རང་ཐད་་,102.19300501482948,101.7577878685507,"Or you go to the meeting,",92,32,ཁྱེད་རང་ཐད་་,པ་ལགས་,101.273,ཁྱེད་རང་ ཐད་་,khyed rang  thad  ,470,471,N,pers,d,2,theme,p,R,ཁྱེད་རང་ ཐད་་,CA24B77C0025,2D2A00720DC77,ཐད་་,ཐད་,,Ind,None,Neutral,NA,471,1.0986122886681098,0,0.6931471805599453,0,16,9,2,9,2.70805020110221,9,0.6931471805599453,9,0,0,1,2,2,1,0,0.6931471805599453,0,S,0,1,0,1,1.0986122886681098,1,Base
198B0392148A8,virginia-library-20766,TAjiKgUj08B,1BC1DBA23907A,E1A2789EDE05,0,P,14,2,0,,,,,phyag dpe  kha shas ,ཕྱག་དཔེ་ ཁ་ཤས་,3,4,274,275,150,phyag dpe (bod nang nas),NA,29,NA,refexpr,66,66,vTfxQiE8K9p,,ཕྱག་དཔེ་ ཁ་ཤས,ཕྱག་དཔེ་ཁ་ཤས,NA,,,FALSE,3,2F7ED559C2CBE,virginia-library-20766,56.96535223652846,58.76066018085048,NA,NA,56.833,ལགས་སོ། ཨ་ནི་འདི་པ་ཕྱག་དཔེ་ཁ་ཤས་ཡང་ལྷ་ས་མི-ཨངམི་རིགས་དཔར་བསྐྲུན་ཁང་དང་། ཡང་པེ་ཅིང་འདི་པ་ནས་འདུག་ཟེེ་གདན་འདྲེན་ཞུས་པ་འདི་འདྲས་ཡོག་རེད་པས། ,58.76066018085048,56.96535223652846,I see. Are some of the scriptures sent from the Nationalities Languages Press in Lhasa or Beijing?,66,24,ཨ་ནི་འདི་པ་ཕྱག་དཔེ་ཁ་ཤས་ཡང་,སློབ་ཕྲུག་,64.266,ཨ་ནི་ འདི་པ་ ཕྱག་དཔེ་ ཁ་ཤས་ ཡང་,a ni  'di pa  phyag dpe  kha shas  yang ,272,276,N,nonPron,i,1,theme,l,NR,ཨ་ནི་ འདི་པ་ ཕྱག་དཔེ་ ཁ་ཤས་ ཡང་,n99TiyDjvWh,2618661069EEA,ཞུས་པ་,ཞུས,པ་ འདི་འདྲས་ ཡོད་ རེད་ པས,Q,Ind,Neutral,NA,294,0,0,1.9459101490553132,0,0,0,18,0,0,0,2.5649493574615367,0,0,0,0,1,2,2,0,0,0,P,NA,0,0,0,1.6094379124341003,0,P
7WUzZytXaDu4Y,virginia-library-20766,ATJHQeLC3MJ,,ORHzXA39BxpwL,N/A,OBL,43,8,N/A,,,,,lha sa  mi[-] ang mi rigs  dpar bskrun  khang  dang  / yang  pe cing  'di pa  nas ,ལྷ་ས་ མི- ཨང མི་རིགས་ དཔར་བསྐྲུན་ ཁང་ དང་ ། ཡང་ པེ་ཅིང་ འདི་པ་ ནས་,1,9,278,289,148,Trail 148,NA,2,NA,refexpr,67,68,bFzONL2JfMu,combined,ལྷ་ས་ མི- ཨང མི་རིགས་ དཔར་བསྐྲུན་ ཁང་ དང་ ། ཡང་ པེ་ཅིང་ འདི་པ་ ནས,ལྷ་ས་མི-ཨངམི་རིགས་དཔར་བསྐྲུན་ཁང་དང་།ཡང་པེ་ཅིང་འདི་པ,ནས,,,FALSE,3,1E52FF12BA804,virginia-library-20766,60.659932654422526,61.85680461730387,NA,NA,56.833,ལགས་སོ། ཨ་ནི་འདི་པ་ཕྱག་དཔེ་ཁ་ཤས་ཡང་ལྷ་ས་མི-ཨངམི་རིགས་དཔར་བསྐྲུན་ཁང་དང་། ཡང་པེ་ཅིང་འདི་པ་ནས་འདུག་ཟེེ་གདན་འདྲེན་ཞུས་པ་འདི་འདྲས་ཡོག་རེད་པས། ,61.85680461730387,60.659932654422526,I see. Are some of the scriptures sent from the Nationalities Languages Press in Lhasa or Beijing?,68,24,ཡང་པེ་ཅིང་འདི་པ་ནས་,སློབ་ཕྲུག་,64.266,ཡང་ པེ་ཅིང་ འདི་པ་ ནས་ /,yang  pe cing  'di pa  nas  ,286,290,N,nonPron,na,2,source,l,R,ཡང་ པེ་ཅིང་ འདི་པ་ ནས་ /,n99TiyDjvWh,2618661069EEA,ཞུས་པ་,ཞུས,པ་ འདི་འདྲས་ ཡོད་ རེད་ པས,Q,Ind,Neutral,NA,294,0.6931471805599453,0,0.6931471805599453,0,1,0,1,0,0,0,0,0,0,0,0,2,2,1,0,0,0,E,NA,0,0,0,2.8903717578961645,0,E
2ABB33F74A383,virginia-library-20766,416932F78BD3,19B1048348904,CE2B84B3B535,22,P,7,2,4,,,,,'di  ni,འདི་ ནི,1,2,301,302,38,lha sa mi rigs dpar bskrun khang,NA,3,organization,refexpr,71,71,2B7DE8C7962AC,,འདི་ ནི,འདི,NA,,ནི,FALSE,3,38D752300CCF0,virginia-library-20766,64.9212655477386,69.92581098592657,NA,NA,64.267,ཨང་འདི་ནིང་ཚོ་དམིགས་བསལ་གྱི་དེང་སང་ཅིག་ལྟ་གཅིག་ལེབ་རྦ་རི་༼དཔེ་མཛོད་ཁང་༽ཐད་ཀར་འབྱོར་པ་འདི་འདྲས་མེད། ,69.92581098592657,64.9212655477386,The library do not receive any book specifically from there.,71,25,འདི་ནིང་ཚོ་དམིགས་བསལ་གྱི་དེང་སང་ཅིག་ལྟ་གཅིག་ལེབ་རྦ་རི་༼དཔེ་མཛོད་ཁང་༽ཐད་ཀར་འབྱོར་པ་འདི་འདྲས་མེད། ,དཔེ་མཛོད་དོ་དམ་པ་,70.066,འདི་ ནི ང་ ཚོ་ དམིགས་བསལ་ གྱི་ དེང་སང་ ཅིག་ ལྟ་ གཅིག་ ལེབ་རྦ་རི་ ཐད་ཀ ར་ འབྱོར་པ་ འདི་འདྲས་ མེད །,'di  ni nga  tsho  dmigs bsal  gyi  deng sang  cig  lta  gcig  leb rba ri  thad ka ra  'byor pa  'di 'dras  med /,301,317,N,nonPron,d,2,theme,l,R,འདི་ ནི ང་ ཚོ་ དམིགས་བསལ་ གྱི་ དེང་སང་ ཅིག་ ལྟ་ གཅིག་ ལེབ་རྦ་རི་ ཐད་ཀ ར་ འབྱོར་པ་ འདི་འདྲས་ མེད །,1BB259E4A4ACC,1A36913FD6DF4,འབྱོར་པ་ འདི་འདྲས་ མེད,འབྱོར,པ་ འདི་འདྲས་ མེད,Ind,Ego,Neutral,NA,314,0.6931471805599453,0,0.6931471805599453,0,1,0,1,0,0,0,0,0,0,0,0,1,2,2,0,0,0,P,NA,0,0,0,0.6931471805599453,0,P
1899A138AD1C1,virginia-library-20766,7067EA096CC1,1F9551222E03B,19A9DEA2545AB,25,A,6,2,4,,,,,nga  tsho ,ང་ ཚོ་,3,4,303,304,27,dpe mdzod khang gi las byed pa,NA,19,person,refexpr,71,71,34EEE7F9379EF,,ང་ ཚོ,ང་ཚོ,NA,,,FALSE,1,38D752300CCF0,virginia-library-20766,64.9212655477386,69.92581098592657,NA,NA,64.267,ཨང་འདི་ནིང་ཚོ་དམིགས་བསལ་གྱི་དེང་སང་ཅིག་ལྟ་གཅིག་ལེབ་རྦ་རི་༼དཔེ་མཛོད་ཁང་༽ཐད་ཀར་འབྱོར་པ་འདི་འདྲས་མེད། ,69.92581098592657,64.9212655477386,The library do not receive any book specifically from there.,71,25,འདི་ནིང་ཚོ་དམིགས་བསལ་གྱི་དེང་སང་ཅིག་ལྟ་གཅིག་ལེབ་རྦ་རི་༼དཔེ་མཛོད་ཁང་༽ཐད་ཀར་འབྱོར་པ་འདི་འདྲས་མེད། ,དཔེ་མཛོད་དོ་དམ་པ་,70.066,འདི་ ནི ང་ ཚོ་ དམིགས་བསལ་ གྱི་ དེང་སང་ ཅིག་ ལྟ་ གཅིག་ ལེབ་རྦ་རི་ ཐད་ཀ ར་ འབྱོར་པ་ འདི་འདྲས་ མེད །,'di  ni nga  tsho  dmigs bsal  gyi  deng sang  cig  lta  gcig  leb rba ri  thad ka ra  'byor pa  'di 'dras  med /,301,317,N,pers,d,2,agent,p,R,འདི་ ནི ང་ ཚོ་ དམིགས་བསལ་ གྱི་ དེང་སང་ ཅིག་ ལྟ་ གཅིག་ ལེབ་རྦ་རི་ ཐད་ཀ ར་ འབྱོར་པ་ འདི་འདྲས་ མེད །,1BB259E4A4ACC,1A36913FD6DF4,འབྱོར་པ་ འདི་འདྲས་ མེད,འབྱོར,པ་ འདི་འདྲས་ མེད,Ind,Ego,Neutral,NA,314,0,1.3862943611198906,0.6931471805599453,1.3862943611198906,3,5,9,5,1.3862943611198906,2,2.1972245773362196,2,0,0,1,2,2,1,0,0,0,A,NA,1,1,0,1.0986122886681098,1,Base
370DBAF338661,virginia-library-20766,325EE37176492,231C6389A2990,3558083145F65,18,LVP,10,2,4,,,,,kha shas  shig ,ཁ་ཤས་ ཤིག་,1,2,591,592,83,bod skad nang bris pa'i rgyal rabs kyi deb,NA,4,thing,refexpr,123,123,37AE9F496C59E,,ཁ་ཤས་ ཤིག,ཁ་ཤས་ཤིག,NA,,,FALSE,3,12FA31857E9C0,virginia-library-20766,131.9144834840754,133.3790514810755,NA,NA,121.467,དེ་འདྲས་འདྲ་པོ་ཨང་ཁ་ཤས་ཤིག་ང་ཨང་མཁོ་སྒྲུབ་ཞུ་གི་ཡོད། ,133.3790514810755,131.9144834840754,"I also need books published in India. Besides those, if you have any history books written by westerners, I also need a few of them.",123,45,ཁ་ཤས་ཤིག་ང་ཨང་,སློབ་ཕྲུག་,134.166,ཁ་ཤས་ ཤིག་ ང་ ཨང་,kha shas  shig  nga  ang ,591,594,N,nonPron,i,1,NA,l,R,ཁ་ཤས་ ཤིག་ ང་ ཨང་,12C84D89A3B8,1E33C144CFADF,ཞུ་ གི་ ཡོད,ཞུ,གི་ ཡོད,Ind,Ego,Pres,NA,596,1.3862943611198906,0.6931471805599453,0,0.6931471805599453,3,1,0,1,0,0,0,0,0,0,0,1,2,2,0,0,0,P,NA,0,0,0,1.3862943611198906,0,P
233CAD1C34F49,virginia-library-20766,1C86F27356586,E9891FDACD46,37802B215E029,66,LVA,2,1,11,,,,,nga ,ང་,3,3,593,593,1,slob phrug,NA,21,person,refexpr,123,123,8F4CC67F02A0,,ང,ང,NA,,,FALSE,1,12FA31857E9C0,virginia-library-20766,131.9144834840754,133.3790514810755,NA,NA,121.467,དེ་འདྲས་འདྲ་པོ་ཨང་ཁ་ཤས་ཤིག་ང་ཨང་མཁོ་སྒྲུབ་ཞུ་གི་ཡོད། ,133.3790514810755,131.9144834840754,"I also need books published in India. Besides those, if you have any history books written by westerners, I also need a few of them.",123,45,ཁ་ཤས་ཤིག་ང་ཨང་,སློབ་ཕྲུག་,134.166,ཁ་ཤས་ ཤིག་ ང་ ཨང་,kha shas  shig  nga  ang ,591,594,N,pers,d,2,agent,p,R,ཁ་ཤས་ ཤིག་ ང་ ཨང་,12C84D89A3B8,1E33C144CFADF,ཞུ་ གི་ ཡོད,ཞུ,གི་ ཡོད,Ind,Ego,Pres,NA,596,0,0,0,0,8,8,2,8,2.1972245773362196,8,1.0986122886681098,8,0,0,1,2,2,1,0,0,0,A,NA,1,1,0,0.6931471805599453,1,Base
242226730EC91,virginia-library-20766,165E8123DA835,13F7F2F6D760B,34D1B6CB7FF0E,22,OBL,15,3,5,,,,,'og khang  'di  la ,འོག་ཁང་ འདི་ ལ་,3,5,909,911,112,'og thog,NA,3,location,refexpr,198,198,1E34C6B20E642,,འོག་ཁང་ འདི་ ལ,འོག་ཁང་འདི,ལ,,,FALSE,3,2A4B1349143AE,virginia-library-20766,206.90534931233205,208.04950155535698,NA,NA,205.067,ཨ་ནི་ང་ལ་ཁ་ཤས་ཤིག་གཡར་དགོས་ཀྱི་འདུགབྱས་ཙང་འོག་ཁང་འདི་ལ་ཡ་གཅིག་ཁྱེད་རང་ཕེབས་ཡག་ཐུབ་ཀྱི་ཡོད་དམ། ,208.04950155535698,206.90534931233205,I need to borrow some books. Can you please come with me to the basement?,198,64,བྱས་ཙང་འོག་ཁང་འདི་ལ་ཡ་,སློབ་ཕྲུག་,210.366,བྱས་ ཙང་ འོག་ཁང་ འདི་ ལ་ ཡ་,byas  tsang  'og khang  'di  la  ya ,907,912,N,nonPron,d,2,location/goal,l,R,བྱས་ ཙང་ འོག་ཁང་ འདི་ ལ་ ཡ་,156EFC83E2117,1CB3F43EB9C0A,ཕེབས་ ཡ་ ཐུབ་ ཀྱི་ ཡོད་ དམ,ཕེབས,ཡ་ ཐུབ་ ཀྱི་ ཡོད་ དམ,Q,Ego,Pres,NA,915,0.6931471805599453,0,0,0,1,0,1,0,0,0,0.6931471805599453,0,0,0,0,1,2,2,0,0.6931471805599453,0,E,NA,0,0,0,1.6094379124341003,0,E
A3B2B889AA38,virginia-library-20766,E6AA1E19F58C,15210B4CA5636,36391B92B851E,16,S,8,1,3,,,,,khyed rang ,ཁྱེད་རང་,1,1,914,914,2,dpe mdzod do dam pa,NA,8,person,refexpr,200,200,1D4FF2CE68450,,ཁྱེད་རང,ཁྱེད་རང,NA,,,FALSE,2,2BA0C2E50F900,virginia-library-20766,209.30055787025782,210.450165007688,NA,NA,205.067,ཨ་ནི་ང་ལ་ཁ་ཤས་ཤིག་གཡར་དགོས་ཀྱི་འདུགབྱས་ཙང་འོག་ཁང་འདི་ལ་ཡ་གཅིག་ཁྱེད་རང་ཕེབས་ཡག་ཐུབ་ཀྱི་ཡོད་དམ། ,210.450165007688,209.30055787025782,I need to borrow some books. Can you please come with me to the basement?,200,64,ཁྱེད་རང་ཕེབས་ཡག་ཐུབ་ཀྱི་ཡོད་དམ། ,སློབ་ཕྲུག་,210.366,ཁྱེད་རང་ ཕེབས་ ཡ་ ཐུབ་ ཀྱི་ ཡོད་ དམ །,khyed rang  phebs  ya thub  kyi  yod  dam /,914,921,N,pers,d,2,agent,p,R,ཁྱེད་རང་ ཕེབས་ ཡ་ ཐུབ་ ཀྱི་ ཡོད་ དམ །,156EFC83E2117,1CB3F43EB9C0A,ཕེབས་ ཡ་ ཐུབ་ ཀྱི་ ཡོད་ དམ,ཕེབས,ཡ་ ཐུབ་ ཀྱི་ ཡོད་ དམ,Q,Ego,Pres,NA,915,0,0.6931471805599453,0.6931471805599453,0.6931471805599453,3,3,1,3,1.3862943611198906,2,0,2,0,0,1,2,2,1,0,0,0,S,NA,1,0,1,1.0986122886681098,1,Base
231BDE49D4B07,three-chupa-8346,1E177892CF92C,,2E1333BB156B8,N/A,EXIST,4,1,N/A,,,,,dngul,དངུལ,2,2,1243,1243,136,dngul (on sgrol dkar currently),NA,1,thing,refexpr,284,284,192DFD86ECDE4,,དངུལ,དངུལ,NA,,,FALSE,3,CF441D36AB14,three-chupa-8346,359.060022675737,360.55052154195016,NA,NA,356.867,དངུལད་ལྟ་འདིརཞེ་དྲག་མེད། ,360.55052154195016,359.060022675737,,284,89,དངུལད་ལྟ་འདིརཞེ་དྲག་མེད། ,སྒྲོལ་དཀར་,360.433,<0> དངུལ ད་ལྟ་ འདི ར ཞེ་དྲག་ མེད །, dngul da lta  'di ra zhe drag  med /,1242,1249,N,nonPron,na,1,none,l,R,<0> དངུལ ད་ལྟ་ འདི ར ཞེ་དྲག་ མེད །,4A3B06568C18,26D84D16131D9,མེད,མེད,,Ind,Ego,Neutral,NA,1248,0,0,0,0,0,0,0,0,0,0,0,0,0,0,1,1,2,2,0,0,0,EXIST,1,0,0,0,0,0,EXIST
35E071A51C88B,three-chupa-8346,19E439F1E1DAA,2BD46FAA4D3B,D9D6CE2D908B,211,COPLOC,5,2,49,,,,,'di ra,འདི ར,4,5,1245,1246,26,tshong khang 'di,,5,location,refexpr,284,284,1F7DABE403B48,,འདི ར,འདི,ར,,,FALSE,3,CF441D36AB14,three-chupa-8346,359.060022675737,360.55052154195016,NA,NA,356.867,དངུལད་ལྟ་འདིརཞེ་དྲག་མེད། ,360.55052154195016,359.060022675737,,284,89,དངུལད་ལྟ་འདིརཞེ་དྲག་མེད། ,སྒྲོལ་དཀར་,360.433,<0> དངུལ ད་ལྟ་ འདི ར ཞེ་དྲག་ མེད །, dngul da lta  'di ra zhe drag  med /,1242,1249,N,dem,d,2,location/goal,p,R,<0> དངུལ ད་ལྟ་ འདི ར ཞེ་དྲག་ མེད །,4A3B06568C18,26D84D16131D9,མེད,མེད,,Ind,Ego,Neutral,NA,1248,0,0,0,0,1,2,0,2,0.6931471805599453,2,0,2,0,0,1,2,2,1,0,0,0,COPLOC,0,0,0,0,0.6931471805599453,1,Base
1AA5FB2ED39D6,three-counsel-8176,3B084D6B8761,,2DBB9FA5551F2,N/A,EXIST,16,4,N/A,,,,,nga 'i  deb  gcig ,ང འི་ དེབ་ གཅིག་,1,4,444,447,50,pa lags kyi deb,NA,4,thing,refexpr,99,99,B117B524E88C,,ང འི་ དེབ་ གཅིག,ངའི་དེབ་གཅིག,NA,,,FALSE,3,17E202D068AB2,three-counsel-8176,104.08769779254915,105.4621119852852,NA,NA,100.2,འོ་འོ། ལྟོས་ཨང་། ངའི་དེབ་གཅིག་སྦུག་ཏུ་ཡོད་བསམ་བྱུང་། དེབ་དེ། ,105.4621119852852,104.08769779254915,Okay. I misplaced a book. I think it is inside.,101,38,ངའི་དེབ་གཅིག་སྦུག་ཏུ་ཡོད་བསམ་བྱུང་། ,པ་ལགས་,106.467,ང འི་ དེབ་ གཅིག་ སྦུག་ ཏུ་ ཡོད་ <0> བསམ་ བྱུང་ །,nga 'i  deb  gcig  sbug  tu  yod   bsam  byung  /,444,454,N,nonPron,i,1,none,l,R,ང འི་ དེབ་ གཅིག་ སྦུག་ ཏུ་ ཡོད་ <0> བསམ་ བྱུང་ །,29376B5959261,7CEDFB27DCA8,ཡོད་,ཡོད,,Ind,Ego,Neutral,NA,450,0,0,0.6931471805599453,0,0,0,1,0,0,0,0,0,0,0,0,1,2,2,0,0,0,EXIST,1,0,0,0,1.6094379124341003,0,EXIST
182D2EC61DF3,three-counsel-8176,55492627B20D,,25C46D96A13CB,N/A,COPLOC,9,2,N/A,,,,,sbug  tu ,སྦུག་ ཏུ་,5,6,448,449,51,sbug la,NA,3,location,refexpr,99,99,13BB678F95789,,སྦུག་ ཏུ,སྦུག,ཏུ,,,FALSE,3,17E202D068AB2,three-counsel-8176,104.08769779254915,105.4621119852852,NA,NA,100.2,འོ་འོ། ལྟོས་ཨང་། ངའི་དེབ་གཅིག་སྦུག་ཏུ་ཡོད་བསམ་བྱུང་། དེབ་དེ། ,105.4621119852852,104.08769779254915,Okay. I misplaced a book. I think it is inside.,101,38,ངའི་དེབ་གཅིག་སྦུག་ཏུ་ཡོད་བསམ་བྱུང་། ,པ་ལགས་,106.467,ང འི་ དེབ་ གཅིག་ སྦུག་ ཏུ་ ཡོད་ <0> བསམ་ བྱུང་ །,nga 'i  deb  gcig  sbug  tu  yod   bsam  byung  /,444,454,N,nonPron,na,2,location/goal,l,R,ང འི་ དེབ་ གཅིག་ སྦུག་ ཏུ་ ཡོད་ <0> བསམ་ བྱུང་ །,29376B5959261,7CEDFB27DCA8,ཡོད་,ཡོད,,Ind,Ego,Neutral,NA,450,0,0,0.6931471805599453,0,0,0,1,0,0,0,0,0,0,0,0,2,2,1,0,0,0,COPLOC,0,0,0,0,1.0986122886681098,0,Base
eev1vXLkApF,lhasa-interview-2561,fgWHcMhe2YI,,PhkNwuwv16i,N/A,EXIST,28,6,N/A,,,,,rang  gi  pa lags  dang  a ma  lags ,རང་ གི་ པ་ལགས་ དང་ ཨ་མ་ ལགས་,1,6,653,658,62,mig dmar gyi pa lags dang a ma lags,NA,3,person,refexpr,132,132,hd5tTrZ7m7W,,རང་ གི་ པ་ལགས་ དང་ ཨ་མ་ ལགས,རང་གི་པ་ལགས་དང་ཨ་མ་ལགས,NA,,,FALSE,3,GqcMgkRDPOW,lhasa-interview-2561,149.8976090656984,150.82894033681683,NA,NA,148.84,རང་གི་པ་ལགས་དང་ཨ་མ་ལགས་གཉིས་ཀ་ལྷོ་ཁར་ཡོད་རེད། ལྷ་སར་ཡོད་རེད་པས། ,150.82894033681683,149.8976090656984,Migmar? Are your father and mother both in Lhasa or in Lhoka?,132,59,རང་གི་པ་ལགས་དང་ཨ་མ་ལགས་,ལོ་བསྡན,152.168,རང་ གི་ པ་ལགས་ དང་ ཨ་མ་ ལགས་,rang  gi  pa lags  dang  a ma  lags ,653,658,N,nonPron,na,2,none,l,R,རང་ གི་ པ་ལགས་ དང་ ཨ་མ་ ལགས་,0yk0W7ibxPi,mabIg3xYLRi,ཡོད་ རེད,ཡོད,རེད,Ind,Ind,Neutral,NA,662,0,0,0,0,0,0,0,0,0,0,0,0,0,0,0,1,2,2,0,0,0,EXIST,1,1,0,0,2.1972245773362196,0,EXIST
3NZdHAsDXFG,lhasa-interview-2561,C3NgIBT1jgC,Q10PJzvE3Yc,DkLm9vsZSaU,300,COPLOC,8,2,63,,,,,lho kha ra ,ལྷོ་ཁ ར་,2,3,660,661,41,lho kha (pha yul),NA,5,location,refexpr,133,133,bri74YUrMGd,,ལྷོ་ཁ ར,ལྷོ་ཁ,ར,,,FALSE,3,cxihUGSgzKv,lhasa-interview-2561,151.0889873800512,151.92274534128802,NA,NA,148.84,རང་གི་པ་ལགས་དང་ཨ་མ་ལགས་གཉིས་ཀ་ལྷོ་ཁར་ཡོད་རེད། ལྷ་སར་ཡོད་རེད་པས། ,151.92274534128802,151.0889873800512,Migmar? Are your father and mother both in Lhasa or in Lhoka?,133,59,གཉིས་ཀ་ལྷོ་ཁར་ཡོད་རེད། ,ལོ་བསྡན,152.168,གཉིས་ཀ་ ལྷོ་ཁ ར་ ཡོད་ རེད །,gnyis ka  lho kha ra  yod  red /,659,664,N,nonPron,na,2,location/goal,l,R,གཉིས་ཀ་ ལྷོ་ཁ ར་ ཡོད་ རེད །,0yk0W7ibxPi,mabIg3xYLRi,ཡོད་ རེད,ཡོད,རེད,Ind,Ind,Neutral,NA,662,0,0,0.6931471805599453,0,3,0,1,0,1.3862943611198906,0,0,0,0,0,0,2,2,1,0,0,0,COPLOC,0,0,0,0,1.3862943611198906,0,Base
Q44edH1eR5Y,three-wrap-8561,o9vJt1gD3Mi,,odFZiRPLEgz,N/A,EXIST,11,1,N/A,,,,,btsugs phrug ,བཙུགས་ཕྲུག་,1,1,250,250,22,btsugs phrug (specific ones in main shop),NA,1,thing,refexpr,50,50,EFKOQkNW633,,བཙུགས་ཕྲུག,བཙུགས་ཕྲུག,NA,,,FALSE,3,VYsJjdUK7A1,three-wrap-8561,42.50195011337868,43.11665556689356,NA,NA,42.233,བཙུགས་ཕྲུག་འདིར། འོ་ཛི། ,43.11665556689356,42.50195011337868,"It's here, come here.",50,25,བཙུགས་ཕྲུག་འདར། ,ཟླ་སྒྲོན་,44.033,བཙུགས་ཕྲུག་ འདི ར <0> །,btsugs phrug  'dir 'dir  /,250,254,N,nonPron,na,2,none,l,R,བཙུགས་ཕྲུག་ འདི ར <0> །,aow1iLnneZ3,JVRb7LRLGGU,<0>,<0>,,Ind,None,Neutral,NA,253,0,0,0,0,0,0,0,0,0,0,0,0,0,0,1,1,2,2,0,0,0,EXIST,1,0,0,0,1.0986122886681098,0,EXIST
J7QCH6oLCLE,three-wrap-8561,bn9VY4js7Dk,RQSOk8Kwfdq,hfBL4Fo90Iw,6,COPLOC,5,2,2,,,,,'dir 'dir,འདི ར,2,3,251,252,39,btsugs phrug nyo sa (main),NA,5,location,refexpr,50,50,EC00fBxhts7,,འདི ར,འདི,ར,,,FALSE,3,VYsJjdUK7A1,three-wrap-8561,42.50195011337868,43.11665556689356,NA,NA,42.233,བཙུགས་ཕྲུག་འདིར། འོ་ཛི། ,43.11665556689356,42.50195011337868,"It's here, come here.",50,25,བཙུགས་ཕྲུག་འདར། ,ཟླ་སྒྲོན་,44.033,བཙུགས་ཕྲུག་ འདི ར <0> །,btsugs phrug  'dir 'dir  /,250,254,N,dem,d,2,location/goal,p,R,བཙུགས་ཕྲུག་ འདི ར <0> །,aow1iLnneZ3,JVRb7LRLGGU,<0>,<0>,,Ind,None,Neutral,NA,253,0.6931471805599453,0.6931471805599453,0,0.6931471805599453,3,1,0,1,1.0986122886681098,0,0,0,0,0,1,2,2,1,0,0,0,COPLOC,0,0,0,0,0.6931471805599453,1,Base
l0wnPAMEEiq,three-upset-2535,wuqmUdZBORR,CRTk7p1EEim,P5VHfffqerp,273,OBL,14,3,56,,,,,mkhris pa  de ra ,མཁྲིས་པ་ དེ ར་,1,3,495,497,13,mkhris pa,refexpr,14,thing,refexpr,103,103,51lYqi4mILs,,མཁྲིས་པ་ དེ ར,མཁྲིས་པ་དེ,ར,,,FALSE,3,7iAOjFVpnoa,three-upset-2535,98.922,100.299,NA,NA,,,100.299,98.922,,103,,མཁྲིས་པ་དེར་སྒོང་ང་དེ་གནོད་པོ་ཞེ་པོ་ཅིག་འདུག་ག,རྒན་ལགས་,,མཁྲིས་པ་ དེ ར་ སྒོང་ང་ དེ་ གནོད་པོ་ ཞེ་པོ་ ཅིག་ འདུག་ ག,mkhris pa  de ra  sgong  de  gnod po  zhe po  cig  'dug  ga,495,504,N,nonPron,d,2,NA,l,R,མཁྲིས་པ་ དེ ར་ སྒོང་ང་ དེ་ གནོད་པོ་ ཞེ་པོ་ ཅིག་ འདུག་ ག,cjLrvu9EkTL,Vj3TW8P0khm,འདུག་ ག,འདུག,ག,Ind,Sens,Neutral,NA,503,0,0,0,0,6,0,6,0,1.9459101490553132,0,1.9459101490553132,0,0,0,0,1,2,2,0,0,0,E,0,0,0,0,1.6094379124341003,0,E
mBB2cerY1RD,three-upset-2535,vdMsuvlyAPN,d3V59dAlDTz,7kL11A9N50o,28,A,11,2,6,,,,,sgong  de ,སྒོང་ང་ དེ་,4,5,498,499,35,sgong nga,refexpr,4,thing,refexpr,103,103,rtMGR3uOf4p,,སྒོང་ང་ དེ,སྒོང་ང་དེ,NA,,,FALSE,3,7iAOjFVpnoa,three-upset-2535,98.922,100.299,NA,NA,,,100.299,98.922,,103,,མཁྲིས་པ་དེར་སྒོང་ང་དེ་གནོད་པོ་ཞེ་པོ་ཅིག་འདུག་ག,རྒན་ལགས་,,མཁྲིས་པ་ དེ ར་ སྒོང་ང་ དེ་ གནོད་པོ་ ཞེ་པོ་ ཅིག་ འདུག་ ག,mkhris pa  de ra  sgong  de  gnod po  zhe po  cig  'dug  ga,495,504,N,nonPron,d,2,agent,l,R,མཁྲིས་པ་ དེ ར་ སྒོང་ང་ དེ་ གནོད་པོ་ ཞེ་པོ་ ཅིག་ འདུག་ ག,cjLrvu9EkTL,Vj3TW8P0khm,འདུག་ ག,འདུག,ག,Ind,Sens,Neutral,NA,503,1.0986122886681098,0,0.6931471805599453,0,2,0,1,0,0,0,0,0,0,0,0,2,2,1,0,0,0,A,0,0,0,0,1.0986122886681098,0,Base
b6UynfbbBsX,island-sangdadorje-8501,60Tg85xMd8G,,hYgGsqgASE9,15,P,7,1,2,,,,,phyags ma ,ཕྱགས་མ་,3,3,385,385,36,phyags ma,NA,3,thing,refexpr,75,75,ocguI8feadO,,ཕྱགས་མ,ཕྱགས་མ,NA,,,FALSE,3,xpSu6z8JA5I,island-sangdadorje-8501,104.115,104.98,NA,NA,103.933,འོ་ལྟ་ཕྱག་མ་འཇག་མ་གླིང་ཁ་ནས་རྙེད་བྱས་ཕྱགས་མ་འདི་འདྲས་སེ་ཚུར་ཡོང་ཡག་ཞེ་དྲག་ཡོག་རེད། _འདི་འདྲ་ཡིན་དུས་ཙམ་ལ་འཇག་མ་གླིང་ཁ་ཟེར་ཡག་གི་མིང་དེ་གཏན་གཏན་རྩ་འཇག་མ་མང་པོ་སྐྱེས་ལ་བརྟེན་ནས་སྔ་མོ་ཐོབ་དེ་འདྲས་ཡིན་པ་འདྲ། ,104.98,104.115,"Many of the brooms were then made from stalks of the thick grass collected from there. For that very reason, most likely it got the name as Jakma Lingkha a long time ago.",75,9.0,འོ་ལྟ་ཕྱགས་མ་,རྒན་ལགས་,119.5,འོ་ ལྟ་ ཕྱགས་མ་,'o  lta  phyags ma ,383,385,N,nonPron,na,1,theme,l,R,འོ་ ལྟ་ ཕྱགས་མ་,wSHYEOT0xO4,Mnx9d5co3cQ,རྙེད་ བྱས་,རྙེད,བྱས,Ind,None,Neutral,Conv,389,0.6931471805599453,0,0.6931471805599453,0,1,0,1,0,0,0,0,0,0,0,0,1,2,2,0,0,0,P,1,0,0,0,1.0986122886681098,0,P
jl7mmyUw3Sb,island-sangdadorje-8501,fayhYD1EbrB,OMG7OGAvIKZ,2J82yeznnUC,31,OBL,18,3,6,,,,,'jag ma  gling kha  nas ,འཇག་མ་ གླིང་ཁ་ ནས་,1,3,386,388,137,'jag ma gling ka,NA,70,abstract,refexpr,76,76,zGbQWG8GFEC,,འཇག་མ་ གླིང་ཁ་ ནས,འཇག་མ་གླིང་ཁ,ནས,,,FALSE,3,HwFFMQI9gVa,island-sangdadorje-8501,104.982,106.912,NA,NA,103.933,འོ་ལྟ་ཕྱག་མ་འཇག་མ་གླིང་ཁ་ནས་རྙེད་བྱས་ཕྱགས་མ་འདི་འདྲས་སེ་ཚུར་ཡོང་ཡག་ཞེ་དྲག་ཡོག་རེད། _འདི་འདྲ་ཡིན་དུས་ཙམ་ལ་འཇག་མ་གླིང་ཁ་ཟེར་ཡག་གི་མིང་དེ་གཏན་གཏན་རྩ་འཇག་མ་མང་པོ་སྐྱེས་ལ་བརྟེན་ནས་སྔ་མོ་ཐོབ་དེ་འདྲས་ཡིན་པ་འདྲ། ,106.912,104.982,"Many of the brooms were then made from stalks of the thick grass collected from there. For that very reason, most likely it got the name as Jakma Lingkha a long time ago.",76,9.0,འཇག་མ་གླིང་ཁ་ནས་རྙེད་བྱས་ཕྱགས་མ་,རྒན་ལགས་,119.5,འཇག་མ་ གླིང་ཁ་ ནས་ རྙེད་ བྱས་ ཕྱགས་མ་,'jag ma  gling kha  nas  rnyed  byas  phyags ma ,386,391,N,nonPron,na,2,source,l,R,འཇག་མ་ གླིང་ཁ་ ནས་ རྙེད་ བྱས་ ཕྱགས་མ་,wSHYEOT0xO4,Mnx9d5co3cQ,རྙེད་ བྱས་,རྙེད,བྱས,Ind,None,Neutral,Conv,389,0.6931471805599453,0,0,0,6,3,28,3,1.791759469228055,3,3.367295829986474,3,0,0,0,2,2,1,0,0,0,E,0,0,0,0,1.791759469228055,0,E
5lCanxbZbHE,island-sangdadorje-8501,KITNuyx8n9d,EOGRY5KNG7X,lM5ziJG1lzu,8,P,26,5,1,,,,,rkun ma  bsdad  sa  red  zhes ,རྐུན་མ་ བསྡད་ ས་ རེད་ ཞེས་,1,5,576,580,46,gling kha'i nang la rkun ma yod red,NA,8,event,refexpr,111,111,h08iTZcMyFO,,རྐུན་མ་ བསྡད་ ས་ རེད་ ཞེས,རྐུན་མ་བསྡད་ས་རེད་ཞེས,NA,,,FALSE,3,6lAeuIjsiBE,island-sangdadorje-8501,154.976,156.639,NA,NA,151.4,ཡིན་ནའི་རྐུན་མ་གླིང་ཁའི་ནང་རྐུན་མ་ཡོད་རེད་ཞེས་ང་རས་གོ་མྱོང་། _བྱས་ཙང་དེ་ལྷ་ས་བས་ཞུ་གུར་རྐུན་མ་གླིང་ཁ་ཞེས་མིང་བཏགས་ཡག་དེ་དེ་འདྲས་ཤིག་ཡིན་པ་འདྲ། ,156.639,154.976,"Some thieves were there in the park. I had heard about them before. So for that reason, it seems that people in Lhasa named it as Robber's Park.",111,12.0,རྐུན་མ་བསྡད་ས་རེད་ཞེས་ངས་གོ་མྱོང་། ,རྒན་ལགས་,163.033,རྐུན་མ་ བསྡད་ ས་ རེད་ ཞེས་ ང ས་ གོ་ མྱོང་ །,rkun ma  bsdad  sa  red  zhes  nga sa  go  myong  /,576,585,N,nonPron,na,1,theme,l,R,རྐུན་མ་ བསྡད་ ས་ རེད་ ཞེས་ ང ས་ གོ་ མྱོང་ །,9O9eau3qAZX,wUs8H0eXIV9,གོ་ མྱོང་,གོ,མྱོང,Ind,None,Neutral,NA,583,1.9459101490553132,0,0,0,8,0,0,0,1.0986122886681098,0,0,0,0,0,0,1,2,2,0.6931471805599453,0,0,P,1,0,0,0,1.9459101490553132,0,P
aYuJL1GCij8,island-sangdadorje-8501,S5LtQXgwqOX,gj22szGSM5q,9nE4YHIAzT8,10,A,4,2,1,,,,,nga sa ,ང ས་,6,7,581,582,5,rgan lags,NA,61,person,refexpr,111,111,n7hu8Dztu9P,,ང ས,ང,ས,,,FALSE,1,6lAeuIjsiBE,island-sangdadorje-8501,154.976,156.639,NA,NA,151.4,ཡིན་ནའི་རྐུན་མ་གླིང་ཁའི་ནང་རྐུན་མ་ཡོད་རེད་ཞེས་ང་རས་གོ་མྱོང་། _བྱས་ཙང་དེ་ལྷ་ས་བས་ཞུ་གུར་རྐུན་མ་གླིང་ཁ་ཞེས་མིང་བཏགས་ཡག་དེ་དེ་འདྲས་ཤིག་ཡིན་པ་འདྲ། ,156.639,154.976,"Some thieves were there in the park. I had heard about them before. So for that reason, it seems that people in Lhasa named it as Robber's Park.",111,12.0,རྐུན་མ་བསྡད་ས་རེད་ཞེས་ངས་གོ་མྱོང་། ,རྒན་ལགས་,163.033,རྐུན་མ་ བསྡད་ ས་ རེད་ ཞེས་ ང ས་ གོ་ མྱོང་ །,rkun ma  bsdad  sa  red  zhes  nga sa  go  myong  /,576,585,N,pers,d,2,agent,p,R,རྐུན་མ་ བསྡད་ ས་ རེད་ ཞེས་ ང ས་ གོ་ མྱོང་ །,9O9eau3qAZX,wUs8H0eXIV9,གོ་ མྱོང་,གོ,མྱོང,Ind,None,Neutral,NA,583,0.6931471805599453,0.6931471805599453,0.6931471805599453,0.6931471805599453,5,7,21,7,1.6094379124341003,6,3.044522437723423,6,0,0,1,2,2,1,0,0.6931471805599453,0,A,0,1,1,0,1.0986122886681098,1,Base
T9XUvyaiVfLwx,island-sangdadorje-8501,cgYY7TPAFMt,,sWfz0IVtaDkOq,N/A,EXIST,13,2,N/A,,,,,bsur khog  dang  gcig  g.yug  ya  de tsho ,བསུར་ཁོག་ དང་ གཅིག་ གཡུག་ ཡ་ དེ་ཚོ་,1,4,3181,3186,214,bsur khog g-yug ya,NA,8,event,refexpr,699,700,oNihIarEOo2,combined,བསུར་ཁོག་ དང་ གཅིག་ གཡུག་ ཡ་ དེ་ཚོ,བསུར་ཁོག་དང་གཅིག་གཡུག་ཡ་དེ་ཚོ,NA,,,FALSE,3,61uH7Yi82cr,island-sangdadorje-8501,805.06,807.152,NA,NA,743.867,ལགས་སོ། _ཕ་གིར་འདི་འདུག་ག་སྔོན་མ་ཡིན་ན་མ་གིར་བསུར་ཁོག་དང་གཡུག་ཡག་མ་གི་མར་རྡོ་རིང་རྩར་ཡོད་པཱ། ,807.152,805.06,"I see. Then one thing, people used to throw Surkhok at the place that is near the stone monument.",703,149.0,གཅིག་གཡུག་ཡ་དེ་ཚོ་ཚང་མ་མ་གི་མར་_H_,བཅར་འདྲི་ཞུ་མཁན་,808.2,གཅིག་ གཡུག་ ཡ་ དེ་ཚོ་ ཚང་མ་ མ་གི་ མར་ _H_,gcig  g.yug  ya  de tsho  tshang ma  ma gi  mar  [_H_],3183,3190,N,nonPron,d,2,none,l,R,གཅིག་ གཡུག་ ཡ་ དེ་ཚོ་ ཚང་མ་ མ་གི་ མར་ _H_,c2qzRGvqKOz,mmMC0duvJrm,ཡོད་ པ,NA,NA,Ind,Ego,Neutral,NA,3201,0.6931471805599453,0,0.6931471805599453,0,1,0,4,0,0,0,1.3862943611198906,0,0,0,0,1,3,3,0,0,0,EXIST,0,0,0,0,2.1972245773362196,0,EXIST
jPgBl8TJyXx,island-sangdadorje-8501,lxEn7sJmGc4,wQa3Ijg4B88,kIvpdTJm3iR,11,COPLOC,9,2,2,,,,,ma gi  mar ,མ་གི་ མར་,6,7,3188,3189,213,rdo ring gi rtsa,NA,5,location,refexpr,700,700,GECTYIOUBq6,,མ་གི་ མར,མ་གི་མར,NA,,,FALSE,3,61uH7Yi82cr,island-sangdadorje-8501,805.06,807.152,NA,NA,743.867,ལགས་སོ། _ཕ་གིར་འདི་འདུག་ག་སྔོན་མ་ཡིན་ན་མ་གིར་བསུར་ཁོག་དང་གཡུག་ཡག་མ་གི་མར་རྡོ་རིང་རྩར་ཡོད་པཱ། ,807.152,805.06,"I see. Then one thing, people used to throw Surkhok at the place that is near the stone monument.",703,149.0,གཅིག་གཡུག་ཡ་དེ་ཚོ་ཚང་མ་མ་གི་མར་_H_,བཅར་འདྲི་ཞུ་མཁན་,808.2,གཅིག་ གཡུག་ ཡ་ དེ་ཚོ་ ཚང་མ་ མ་གི་ མར་ _H_,gcig  g.yug  ya  de tsho  tshang ma  ma gi  mar  [_H_],3183,3190,N,nonPron,d,2,location/goal,l,R,གཅིག་ གཡུག་ ཡ་ དེ་ཚོ་ ཚང་མ་ མ་གི་ མར་ _H_,c2qzRGvqKOz,mmMC0duvJrm,ཡོད་ པ,NA,NA,Ind,Ego,Neutral,NA,3201,0.6931471805599453,0,0.6931471805599453,0,1,0,2,0,0,0,0.6931471805599453,0,0,0,0,2,3,2,0,0,0,COPLOC,0,0,0,0,1.3862943611198906,0,Base
HjVO5XgLG6Y,island-sangdadorje-8501,lxEn7sJmGc4,,bGfHxhzcGbU,10,COPLOC,14,3,3,,,,,rdo ring  rtsa ra ,རྡོ་རིང་ རྩ ར་,1,3,3198,3200,213,rdo ring gi rtsa,NA,5,location,refexpr,703,703,GlVONdMhESI,,རྡོ་རིང་ རྩ ར,རྡོ་རིང་རྩ,ར,,,FALSE,3,nEN5fxk0MbV,island-sangdadorje-8501,807.152,808.222,NA,NA,743.867,ལགས་སོ། _ཕ་གིར་འདི་འདུག་ག་སྔོན་མ་ཡིན་ན་མ་གིར་བསུར་ཁོག་དང་གཡུག་ཡག་མ་གི་མར་རྡོ་རིང་རྩར་ཡོད་པཱ། ,808.222,807.152,"I see. Then one thing, people used to throw Surkhok at the place that is near the stone monument.",706,149.0,རྡོ་རིང་རྩར་ཡོད་པ། ,བཅར་འདྲི་ཞུ་མཁན་,808.2,རྡོ་རིང་ རྩ ར་ ཡོད་ པ །,rdo ring  rtsa ra  yod  pa /,3198,3203,N,nonPron,na,2,location/goal,l,R,རྡོ་རིང་ རྩ ར་ ཡོད་ པ །,c2qzRGvqKOz,mmMC0duvJrm,ཡོད་ པ,NA,NA,Ind,Ego,Neutral,NA,3201,1.0986122886681098,0,0,0,2,0,1,0,0,0,0.6931471805599453,0,0,0,0,3,3,1,0,0,0,COPLOC,0,0,0,0,1.6094379124341003,0,Base
BHxQ6dgGiK3,dramatroupe-script-8421,VfNMgSzTLV4,,Dn1RaWGAIrn,N/A,G,6,2,N/A,,,,,'di ra ,འདི ར་,4,5,4,5,224,current location,refexpr,1,location,refexpr,1,1,ajU1sVOpHds,,འདི ར,འདི,ར,,,FALSE,3,UVM9Do2M3EJ,dramatroupe-script-8421,3.261,4.182,NA,NA,,,4.182,3.261,,1,,ལྟ་དེ་རིང་འདིར་,ང་,,ལྟ་ དེ་རིང་ <0> འདི ར་,lta  de ring   'di ra ,1,5,N,dem,d,2,goal,p,R,ལྟ་ དེ་རིང་ <0> འདི ར་,xH6GqHLWVal,artNSQxmEQs,གནང་ རོགས་ ཞེས་,གནང,རོགས་ ཞེས,Q?,None,Neutral,NA,9,0,0,0,0,0,0,0,0,0,0,0,0,0,0,1,1,2,2,0,0,0,E,0,0,0,0,1.0986122886681098,1,E
bY7jF9uD0uk,dramatroupe-script-8421,LmL8BSWIb2s,,hjW1lIrYvI0,N/A,S,15,2,N/A,,,,,lhan rgyas  gang ga ,ལྷན་རྒྱས་ གང་ག་,1,2,6,7,16,lhan rgyas,refexpr,20,person,refexpr,2,2,n1QXq8tvubN,,ལྷན་རྒྱས་ གང་ག,ལྷན་རྒྱས་གང་ག,NA,,,FALSE,3,WTsNCk29aMC,dramatroupe-script-8421,4.182,7.168,NA,NA,,,7.168,4.182,,2,,ལྷན་རྒྱས་གང་ག་ཆིབས་བསྒྱུར་གནང་རོགས་ཞེས་ཞུས་བྱས་ནའི་,ང་,,ལྷན་རྒྱས་ གང་ག་ ཆིབས་བསྒྱུར་ གནང་ རོགས་ ཞེས་ ཞུས་ བྱས་ ན འི་,lhan rgyas  gang ga  chibs bsgyur  gnang  rogs  zhes  zhus  byas  na 'i ,6,15,N,nonPron,d,2,theme,l,R,ལྷན་རྒྱས་ གང་ག་ ཆིབས་བསྒྱུར་ གནང་ རོགས་ ཞེས་ ཞུས་ བྱས་ ན འི་,xH6GqHLWVal,artNSQxmEQs,གནང་ རོགས་ ཞེས་,གནང,རོགས་ ཞེས,Q?,None,Neutral,NA,9,0,0,0,0,0,0,14,0,0,0,2.70805020110221,0,0,0,1,2,2,1,0,0,0,S,0,1,0,1,1.6094379124341003,0,Base
yBYnmc64ENfk1,dramatroupe-script-8421,mUC4KnFClNA,707FNc9aG18,RT7d60chvjOIx,17,P,19,2,5,,,,,gtam  zlos gar  thung ,གཏམ་བརྗོད་ ཟློས་གར་ ཐུང་འདྲས་,1,2,169,171,13,'khrab gzhung,refexpr,26,thing,refexpr,42,43,X6DWH0qY5PQ,combined,གཏམ་བརྗོད་ ཟློས་གར་ ཐུང་འདྲས,གཏམ་བརྗོད་ཟློས་གར་ཐུང་འདྲས,NA,,,FALSE,3,tvrkaFAGyc5,dramatroupe-script-8421,64.0,64.638,NA,NA,,,64.638,64.0,,43,,ཐུང་འདྲས་#,ཀ་,,ཐུང་འདྲས་ #,thung  [#],171,172,N,nonPron,na,2,theme,l,R,ཐུང་འདྲས་ #,vsTsLRw6pHb,U8fGzPz7Z6k,བརྩམས་ གནང་ བཞག,བརྩམས,གནང་ བཞག,Ind,Inf,Neutral,NA,185,1.0986122886681098,0.6931471805599453,0.6931471805599453,0.6931471805599453,9,1,11,1,2.0794415416798357,0,2.3978952727983707,0,0,0,0,1,2,2,0,0.6931471805599453,0,P,1,0,0,0,1.6094379124341003,0,P
LpAX50u3UIR9E,dramatroupe-script-8421,4dDRQX94SJZ,jhPNhZVph7e,t0U8Z4nJfIdH7,N/A,A,27,7,N/A,,,,,nga  rnam  tsho 'i  tshogs pa 'i   [###] nyi ma  dgra 'dul  lags  kyis ,ང་ རྣམ་ ཚོ འི་ ཚོགས་པ འི་ / ### ཉི་མ་ དགྲ་འདུལ་ ལགས་ ཀྱིས་,1,7,173,184,23,nyi ma dgra 'dul (the writer),refexpr,14,person,refexpr,44,46,JhxOsqeTaPR,combined,ང་ རྣམ་ ཚོ འི་ ཚོགས་པ འི་ / ### ཉི་མ་ དགྲ་འདུལ་ ལགས་ ཀྱིས,ང་རྣམ་ཚོའི་ཚོགས་པའི་/###ཉི་མ་དགྲ་འདུལ་ལགས,ཀྱིས,,,FALSE,3,u5xtCMqwZOd,dramatroupe-script-8421,67.481,69.526,NA,NA,,,69.526,67.481,,46,,ཉི་མ་དགྲ་འདུལ་ལགས་ཀྱི་བརྩམས་གནང་བཞག,ཀ་,,ཉི་མ་ དགྲ་འདུལ་ ལགས་ ཀྱིས་ བརྩམས་ གནང་ བཞག,nyi ma  dgra 'dul  lags  kyis  brtsams  gnang  bzhag,181,187,N,nonPron,d,2,agent,l,R,ཉི་མ་ དགྲ་འདུལ་ ལགས་ ཀྱིས་ བརྩམས་ གནང་ བཞག,vsTsLRw6pHb,U8fGzPz7Z6k,བརྩམས་ གནང་ བཞག,བརྩམས,གནང་ བཞག,Ind,Inf,Neutral,NA,185,1.0986122886681098,0,1.0986122886681098,0,2,0,13,0,0,0,2.4849066497880004,0,0,0,0,2,2,1,0,0,0,A,0,1,0,0,2.70805020110221,0,Base
jkeUltcturx,dramatroupe-script-8421,O6BddLEZc7Z,,juYC0yJJMBN,N/A,P,22,3,N/A,,,,,nang don  rdog rdog  de ,ནང་དོན་ རྡོག་རྡོག་ དེ་,1,3,344,346,46,nang don rdog rdog,refexpr,1,abstract,refexpr,93,93,JaLaNwpJsJA,,ནང་དོན་ རྡོག་རྡོག་ དེ,ནང་དོན་རྡོག་རྡོག་དེ,NA,,,FALSE,3,3dRQR3z60hE,dramatroupe-script-8421,122.929,123.959,NA,NA,,,123.959,122.929,,93,,ནང་དོན་རྡོག་རྡོག་དེ་,ཀ་,,ནང་དོན་ རྡོག་རྡོག་ དེ་,nang don  rdog rdog  de ,344,346,N,nonPron,d,2,theme,l,R,ནང་དོན་ རྡོག་རྡོག་ དེ་,EjnruloSEPC,FK9Xe8RdDjm,ཞུས་ ཀྱི་ ཡིན,ཞུས,ཀྱི་ ཡིན,Ind,Ego,Fut,NA,353,0,0,0,0,0,0,0,0,0,0,0,0,0,1,0,1,2,2,0,0,0,P,1,0,0,0,1.791759469228055,0,P
aPyb0Ipl5Mj,dramatroupe-script-8421,WUwiH1pnWlU,sWigUiawSxX,n3Xk2uPMi3v,14,A,4,2,2,,,,,nga sa ,ང ས་,4,5,350,351,14,rgan dbang 'dus lags (ka),refexpr,11,person,refexpr,94,94,u8caNNUzNl0,,ང ས,ང,ས,,,FALSE,1,ncbzK6bs3Ri,dramatroupe-script-8421,124.217,126.059,NA,NA,,,126.059,124.217,,94,,མར་ཨ་ལེར་ངས་གསལ་བཤད་ཞུས་ཀྱི་ཡིན། ,ཀ་,,མར་ ཨ་ལེ ར་ ང ས་ གསལ་བཤད་ ཞུས་ ཀྱི་ ཡིན །,mar  a le ra  nga sa  gsal bshad  zhus  kyi  yin /,347,356,N,pers,d,2,agent,p,R,མར་ ཨ་ལེ ར་ ང ས་ གསལ་བཤད་ ཞུས་ ཀྱི་ ཡིན །,EjnruloSEPC,FK9Xe8RdDjm,ཞུས་ ཀྱི་ ཡིན,ཞུས,ཀྱི་ ཡིན,Ind,Ego,Fut,NA,353,0.6931471805599453,0.6931471805599453,0,0.6931471805599453,3,1,3,1,1.0986122886681098,0,1.3862943611198906,0,0,0,1,2,2,1,0,0,0,A,0,1,1,0,1.0986122886681098,1,Base
365yxSpbdfn,dramatroupe-script-8421,7zGVVgJgGDN,,0Bj0pnazuyV,10,STIM,8,1,1,,,,,de 'dras ,དེ་འདྲས་,2,2,2060,2060,103,pa sangs kyis rogs pa byas pa,refexpr,5,event,refexpr,417,417,na38Jj3yUVz,,དེ་འདྲས,དེ་འདྲས,NA,,,FALSE,3,xseuspYpzaw,dramatroupe-script-8421,536.81,538.512,NA,NA,,,538.512,536.81,,417,,ལྟ་དེ་འདྲས་ཁྱེད་རང་_uh_,ཀ་,,ལྟ་ དེ་འདྲས་ ཁྱེད་ རང་ _uh_,lta  de 'dras  khyed  rang  [_uh_],2059,2063,N,dem,na,2,stimulus,p,R,ལྟ་ དེ་འདྲས་ ཁྱེད་ རང་ _uh_,7SCv5gJCMe5,sc3KwfZ6OCQ,ཡིད་ མ་ ཆེས་པ་ དང་,ཡིད,མ་ ཆེས་ པ་ དང,Imp,None,Neutral,Conv,2064,1.3862943611198906,0,0,0,3,0,0,0,0,0,0,0,0,0,0,1,2,2,0,0,0,P,1,0,0,0,1.0986122886681098,1,P
XEulSGGSbq5,dramatroupe-script-8421,Mlwlm8n3jEZ,fHW9TNocptk,Zn9yipcfdGd,29,EXP,9,2,4,,,,,khyed  rang ,ཁྱེད་ རང་,3,4,2061,2062,38,tshong pa a cag,refexpr,17,person,refexpr,417,417,vg9aQJkE78K,,ཁྱེད་ རང,ཁྱེད་རང,NA,,,FALSE,2,xseuspYpzaw,dramatroupe-script-8421,536.81,538.512,NA,NA,,,538.512,536.81,,417,,ལྟ་དེ་འདྲས་ཁྱེད་རང་_uh_,ཀ་,,ལྟ་ དེ་འདྲས་ ཁྱེད་ རང་ _uh_,lta  de 'dras  khyed  rang  [_uh_],2059,2063,N,pers,d,2,experiencer,p,R,ལྟ་ དེ་འདྲས་ ཁྱེད་ རང་ _uh_,7SCv5gJCMe5,sc3KwfZ6OCQ,ཡིད་ མ་ ཆེས་པ་ དང་,ཡིད,མ་ ཆེས་ པ་ དང,Imp,None,Neutral,Conv,2064,0.6931471805599453,0,1.0986122886681098,0,8,5,2,5,2.0794415416798357,5,0,5,1,1,1,2,2,1,0,0,0,A,0,1,0,1,1.0986122886681098,1,Base
caPe257n2az,dramatroupe-script-8421,4dDRQX94SJZ,wniiItMRCgo,DGcBfrCfJUT,9,R,3,1,2,,,,,phar ,ཕར་,1,1,3823,3823,23,nyi ma dgra 'dul (the writer),refexpr,14,person,refexpr,800,800,fOKwRzCEpcH,,ཕར,ཕར,NA,,,FALSE,3,m4W1nhCJNkX,dramatroupe-script-8421,1020.653,1021.241,NA,NA,,,1021.241,1020.653,,800,,ཕར་འདི་འདྲས་གཅིག་,ཆ་,,ཕར་ འདི་འདྲས་ གཅིག་,phar  'di 'dras  gcig ,3823,3825,N,dem,d,2,NA,p,R,ཕར་ འདི་འདྲས་ གཅིག་,1KjfqQaOQbH,j1ZbEpXKk8O,གནང་ ན་,གནང,ན,Ind,None,Neutral,Cond,3830,0.6931471805599453,0,0.6931471805599453,0,10,0,4,0,2.302585092994046,0,1.3862943611198906,0,0,0,0,1,3,3,0,0,0,R,0,1,0,0,0.6931471805599453,1,R
VkYPXYGC4L0,dramatroupe-script-8421,WUwiH1pnWlU,nc8jZ3JLhxN,v20kInqpOgS,13,A,15,3,3,,,,,rgan  lags  kyis ,རྒན་ ལགས་ ཀྱིས་,1,3,3826,3828,14,rgan dbang 'dus lags (ka),refexpr,11,person,refexpr,801,801,zYj1kXQiaF5,,རྒན་ ལགས་ ཀྱིས,རྒན་ལགས,ཀྱིས,,,FALSE,2,NJ2pjgcwiiN,dramatroupe-script-8421,1021.586,1022.669,NA,NA,,,1022.669,1021.586,,801,,རྒན་ལགས་ཀྱི་འདི་གནང་ན་,ཆ་,,རྒན་ ལགས་ ཀྱིས་ འདི་ གནང་ ན་,rgan  lags  kyis  'di  gnang  na ,3826,3831,N,nonPron,na,2,agent,l,R,རྒན་ ལགས་ ཀྱིས་ འདི་ གནང་ ན་,1KjfqQaOQbH,j1ZbEpXKk8O,གནང་ ན་,གནང,ན,Ind,None,Neutral,Cond,3830,0,0.6931471805599453,0,0.6931471805599453,4,3,2,3,1.6094379124341003,2,1.0986122886681098,2,1,1,1,2,3,2,0,0,0,A,0,1,0,1,1.3862943611198906,0,Base
Lv7ZbMx5yuc,dramatroupe-script-8421,dGoG5yZl4ay,,keZ8vWoqcbK,11,P,4,1,2,,,,,'di ,འདི་,4,4,3829,3829,207,relay opinions to the writer,refexpr,3,event,refexpr,801,801,kJN85w1gfxn,,འདི,འདི,NA,,,FALSE,3,NJ2pjgcwiiN,dramatroupe-script-8421,1021.586,1022.669,NA,NA,,,1022.669,1021.586,,801,,རྒན་ལགས་ཀྱི་འདི་གནང་ན་,ཆ་,,རྒན་ ལགས་ ཀྱིས་ འདི་ གནང་ ན་,rgan  lags  kyis  'di  gnang  na ,3826,3831,N,dem,d,2,theme,p,R,རྒན་ ལགས་ ཀྱིས་ འདི་ གནང་ ན་,1KjfqQaOQbH,j1ZbEpXKk8O,གནང་ ན་,གནང,ན,Ind,None,Neutral,Cond,3830,1.0986122886681098,0,0,0,2,0,0,0,0,0,0,0,0,0,0,3,3,1,0,0,0,P,0,0,0,0,0.6931471805599453,1,P
P7DUE56jgxWRh,dramatroupe-script-8421,dDmN7KuGVJm,t0FvlgBvRP4,HzDNXxIplVbPK,419,P,23,6,84,,,,,khyed  rnam  tsho 'i  gi   dgongs 'char  'di  gas ,ཁྱེད་ རྣམ་ ཚོ འི་ གི་ / དགོངས་འཆར་ འདི་ གས་,1,6,4051,4059,19,dgongs 'char,refexpr,11,abstract,refexpr,855,856,jRd2K45HgXb,combined,ཁྱེད་ རྣམ་ ཚོ འི་ གི་ / དགོངས་འཆར་ འདི་ གས,ཁྱེད་རྣམ་ཚོའི་གི་/དགོངས་འཆར་འདི་གས,NA,,,FALSE,3,sylElH5ucxI,dramatroupe-script-8421,1083.777,1084.683,NA,NA,,,1084.683,1083.777,,856,,དགོངས་འཆར་འདི་གས་ངས་,ཀ་,,དགོངས་འཆར་ འདི་ གས་ ང ས་,dgongs 'char  'di  gas  nga sa ,4057,4061,N,nonPron,d,2,theme,l,R,དགོངས་འཆར་ འདི་ གས་ ང ས་,FEOVXzabdqz,JFV8W3zVYE2,ཞུས,ཞུས,,Ind,None,Neutral,NA,4068,0.6931471805599453,0,1.3862943611198906,0,7,0,4,0,1.9459101490553132,0,0.6931471805599453,0,0,0,0,1,3,3,0,0,0,P,1,0,0,0,2.302585092994046,0,P
vDRc8kkC7Od,dramatroupe-script-8421,WUwiH1pnWlU,0l6FV9VOVdN,1DQQvO4NEhM,11,A,4,2,2,,,,,nga sa ,ང ས་,4,5,4060,4061,14,rgan dbang 'dus lags (ka),refexpr,11,person,refexpr,856,856,OKQ7EpZEM5K,,ང ས,ང,ས,,,FALSE,1,sylElH5ucxI,dramatroupe-script-8421,1083.777,1084.683,NA,NA,,,1084.683,1083.777,,856,,དགོངས་འཆར་འདི་གས་ངས་,ཀ་,,དགོངས་འཆར་ འདི་ གས་ ང ས་,dgongs 'char  'di  gas  nga sa ,4057,4061,N,pers,d,2,agent,p,R,དགོངས་འཆར་ འདི་ གས་ ང ས་,FEOVXzabdqz,JFV8W3zVYE2,ཞུས,ཞུས,,Ind,None,Neutral,NA,4068,0.6931471805599453,0,0,0,6,3,0,3,1.791759469228055,3,0,3,2,1,1,2,3,2,0,0,0,A,0,1,1,0,1.0986122886681098,1,Base
4QFKrMCwhXJ,dramatroupe-script-8421,4dDRQX94SJZ,uV9mdmozJEc,liyutG6zVSt,108,R,10,3,27,,,,,khong  la  ya ,ཁོང་ ལ་ ཡ་,1,3,4062,4064,23,nyi ma dgra 'dul (the writer),refexpr,14,person,refexpr,857,857,guXJxYhGDU9,,ཁོང་ ལ་ ཡ,ཁོང་ལ་ཡ,NA,,,FALSE,3,HMDzTa4Qrke,dramatroupe-script-8421,1085.239,1086.49,NA,NA,,,1086.49,1085.239,,857,,ཁོང་ལ་ཡ་_H_,ཀ་,,ཁོང་ ལ་ ཡ་ _H_,khong  la  ya  [_H_],4062,4065,N,pers,d,2,NA,p,R,ཁོང་ ལ་ ཡ་ _H_,FEOVXzabdqz,JFV8W3zVYE2,ཞུས,ཞུས,,Ind,None,Neutral,NA,4068,0,0,0.6931471805599453,0,12,1,2,1,2.5649493574615367,1,0.6931471805599453,1,0,0,0,3,3,1,0,0,0,R,0,1,0,0,1.3862943611198906,1,R
243F2C438BA70,three-dadronmum-2537,622F6393B6ED,2B9AA7C19B359,E142442AD68,13,P,4,1,4,,,,,'di ,འདི་,2,2,89,89,2,don dag,NA,5,abstract,refexpr,20,20,18260C0C676A5,,འདི,འདི,NA,,,FALSE,3,516BAAFAA432,three-dadronmum-2537,28.23279491529988,29.573138637891066,NA,NA,28.138,ད་འདི་ང་ག་འདྲ་སེ་བཤད་དགོས་རེད། ,29.573138637891066,28.23279491529988,How should I tell you this?,20,9,ད་འདི་ང་ག་འདྲས་ཟེ་བཤད་དགོས་རེད། ,ཟླ་སྒྲོན་,29.551,ད་ འདི་ ང་ ག་འདྲ་སེ་ བཤད་ དགོས་ རེད །,da  'di  nga  ga 'dra se  bshad  dgos  red /,88,95,N,dem,d,2,theme,p,R,ད་ འདི་ ང་ ག་འདྲ་སེ་ བཤད་ དགོས་ རེད །,35B78CB93E765,2BFE7AD86D774,བཤད་ དགོས་ རེད,བཤད,དགོས་ རེད,Q,Ind,Neutral,NA,92,0.6931471805599453,0,0.6931471805599453,0,3,0,1,0,1.0986122886681098,0,0,0,0,0,0,1,2,2,0,0,0,P,1,0,0,0,0.6931471805599453,1,P
C830CCD9C111,three-dadronmum-2537,2DEF3BC476457,144BBCD2DFCA2,31BF40ED7D67F,9,A,2,1,2,,,,,nga ,ང་,3,3,90,90,1,zla sgron,NA,37,person,refexpr,20,20,8C53BD79C062,,ང,ང,NA,,,FALSE,1,516BAAFAA432,three-dadronmum-2537,28.23279491529988,29.573138637891066,NA,NA,28.138,ད་འདི་ང་ག་འདྲ་སེ་བཤད་དགོས་རེད། ,29.573138637891066,28.23279491529988,How should I tell you this?,20,9,ད་འདི་ང་ག་འདྲས་ཟེ་བཤད་དགོས་རེད། ,ཟླ་སྒྲོན་,29.551,ད་ འདི་ ང་ ག་འདྲ་སེ་ བཤད་ དགོས་ རེད །,da  'di  nga  ga 'dra se  bshad  dgos  red /,88,95,N,pers,d,2,agent,p,R,ད་ འདི་ ང་ ག་འདྲ་སེ་ བཤད་ དགོས་ རེད །,35B78CB93E765,2BFE7AD86D774,བཤད་ དགོས་ རེད,བཤད,དགོས་ རེད,Q,Ind,Neutral,NA,92,0.6931471805599453,1.791759469228055,1.9459101490553132,1.791759469228055,3,8,14,8,1.0986122886681098,3,2.1972245773362196,3,0,0,1,2,2,1,0,0,0,A,0,1,1,0,0.6931471805599453,1,Base
Sprel2tYV0u,lhasa-reminisce-11421,wb3m5q9buX3,WFmeBe1kHXk,Tk5C047WY7z,93,EXIST,5,1,17,,,,,nga tsho ,ང་ཚོ་,1,1,2737,2737,171,skyes pa + bud med,NA,19,person,refexpr,553,553,Y0pR5kBIwIQ,,ང་ཚོ,ང་ཚོ,NA,,,FALSE,1,2XQRMyl19bV,lhasa-reminisce-11421,438.0574846525102,439.04816993357383,NA,NA,437.2,_Hx_འོ_H_ཁྱེད་རང་ང་ཚོ་སློབ་གྲྭ་ཡོད་དུས་_P__mm_ག་ཚོད་རེད། དགུང་ལོ། ,439.04816993357383,438.0574846525102,How old were you when we were at the school?,554,237,ང་ཚོ་སློབ་གྲྭ་ཡོད་དུས་_P__mm_,བུད་མེད་,440.132,ང་ཚོ་ སློབ་གྲྭ་ ཡོད་ དུས་ _P_ _mm_,nga tsho  slob grwa  yod  dus  [_P_] [_mm_],2737,2742,N,pers,d,2,none,p,R,ང་ཚོ་ སློབ་གྲྭ་ ཡོད་ དུས་ _P_ _mm_,CYpF5DPwUe1,KwKHQ9r9Qkr,ཡོད་ དུས་,ཡོད,དུས,Ind,Ego?,Neutral,Time,2739,0,0,0,0,3,4,2,4,1.3862943611198906,4,1.0986122886681098,4,0,0,1,1,2,2,0,0,0,EXIST,NA,1,1,0,1.0986122886681098,1,EXIST
whKBzPVP5Aw,lhasa-reminisce-11421,fiqH8Y8O27F,pZrpMxqcsdz,vc0EGQwWBsj,1508,COPLOC,9,1,326,,,,,slob grwa ,སློབ་གྲྭ་,2,2,2738,2738,87,slob grwar,NA,2,location,refexpr,553,553,QSwG3jQBKtX,,སློབ་གྲྭ,སློབ་གྲྭ,NA,,,FALSE,3,2XQRMyl19bV,lhasa-reminisce-11421,438.0574846525102,439.04816993357383,NA,NA,437.2,_Hx_འོ_H_ཁྱེད་རང་ང་ཚོ་སློབ་གྲྭ་ཡོད་དུས་_P__mm_ག་ཚོད་རེད། དགུང་ལོ། ,439.04816993357383,438.0574846525102,How old were you when we were at the school?,554,237,ང་ཚོ་སློབ་གྲྭ་ཡོད་དུས་_P__mm_,བུད་མེད་,440.132,ང་ཚོ་ སློབ་གྲྭ་ ཡོད་ དུས་ _P_ _mm_,nga tsho  slob grwa  yod  dus  [_P_] [_mm_],2737,2742,N,nonPron,na,2,location/goal,l,R,ང་ཚོ་ སློབ་གྲྭ་ ཡོད་ དུས་ _P_ _mm_,CYpF5DPwUe1,KwKHQ9r9Qkr,ཡོད་ དུས་,ཡོད,དུས,Ind,Ego?,Neutral,Time,2739,0,0,0,0,1,0,0,0,0.6931471805599453,0,0,0,0,0,0,2,2,1,0,0,0,COPLOC,NA,0,0,0,1.0986122886681098,0,Base
vHWgEqAowsFYd,lhasa-reminisce-11421,FQfm8fgkZgW,,HrU1qiTlINxoB,N/A,LVP,9,2,N/A,,,,,mo Ta  dang  'di  gas  kyang ,མོ་ཊ་ དང་ འདི་ གས་ ཀྱང་,1,3,3531,3535,236,mo Ta etc,NA,2,thing,refexpr,715,716,3qI6YVTF2C4,combined,མོ་ཊ་ དང་ འདི་ གས་ ཀྱང,མོ་ཊ་དང་འདི་གས,NA,ཀྱང,,FALSE,3,PoGrwl5Hd4M,lhasa-reminisce-11421,557.3749145754673,557.7251421509384,NA,NA,556.7,ཨ་ནི་མོ་ཊ་དང་འདི་གས་ཀྱང་ངས་གྲ་སྒྲིག་བྱེད་ཀོསྣང་དག་ཡོད་མ་རེད། ,557.7251421509384,557.3749145754673,I will arrange the car.,718,293,འདི་གས་ཀྱང་,སྐྱེས་པ་,558.566,འདི་ གས་ ཀྱང་,'di  gas  kyang ,3533,3535,N,nonPron,na,2,NA,l,R,འདི་ གས་ ཀྱང་,u9Q1G0g6Xvg,oV1gCmSmbza,བྱེད་ ཀོ,བྱེད,ཀོ,Ind,None,Neutral,NA,3539,0.6931471805599453,0,0.6931471805599453,0,1,0,1,0,0,0,0,0,0,0,0,1,2,2,0,0,0,P,NA,0,0,0,1.9459101490553132,0,P
3AMgebC5HfO,lhasa-reminisce-11421,fyDiMbIl0Ec,hRdSEXrraqK,KGKN3LsRwJc,13,LVA,4,2,4,,,,,nga sa ,ང ས་,1,2,3536,3537,308,skyes pa,NA,80,person,refexpr,717,717,PTyNpRulnDT,,ང ས,ང,ས,,,FALSE,1,hLMHvMbFWDN,lhasa-reminisce-11421,557.7251421509384,558.4465064108641,NA,NA,556.7,ཨ་ནི་མོ་ཊ་དང་འདི་གས་ཀྱང་ངས་གྲ་སྒྲིག་བྱེད་ཀོསྣང་དག་ཡོད་མ་རེད། ,558.4465064108641,557.7251421509384,I will arrange the car.,719,293,ངས་གྲ་སྒྲིག་བྱེད་ཀོ,སྐྱེས་པ་,558.566,ང ས་ གྲ་སྒྲིག་ བྱེད་ ཀོ,nga sa  gra sgrig  byed  ko,3536,3540,N,pers,d,2,agent,p,R,ང ས་ གྲ་སྒྲིག་ བྱེད་ ཀོ,u9Q1G0g6Xvg,oV1gCmSmbza,བྱེད་ ཀོ,བྱེད,ཀོ,Ind,None,Neutral,NA,3539,0,1.0986122886681098,0,1.0986122886681098,33,38,2,38,3.5263605246161616,36,1.0986122886681098,36,0,0,1,2,2,1,0,0,0,A,NA,1,1,0,1.0986122886681098,1,Base
MaXQgWgjjXh,three-baby-8121,E1i9aTUMgBW,,MWZLIZlkrWN,N/A,T,26,4,N/A,,,,,deng sang  phyi rgyal  gyi  'ang ,དེང་སང་ ཕྱི་རྒྱལ་ གྱི་ འང་,4,7,564,567,43,phyi rgyal gyi chu gdan (shog bu),NA,5,thing,refexpr,116,116,qvhYZnas2be,,དེང་སང་ ཕྱི་རྒྱལ་ གྱི་ འང,དེང་སང་ཕྱི་རྒྱལ,གྱི,འང,,FALSE,3,oXbu13dl68P,three-baby-8121,113.5,115.26,NA,NA,107.667,འོ། _ཨཱ་ནི་ཕྲུ་གུ་༼སྤུ་གུ་༽སྐྱེ་ཚར་ནས་ཕྲུ་གུ་༼སྤུ་གུ་༽ཡཱ་ཆུ་གདན་ང་ཚོ་བོད་པའི་རས་ཨེ་ནས་གཏིང་ན་དགའ་བ་ཡོག་རེད། _ཡང་དེང་སང་ཕྱི་རྒྱལ་ཕྲུ་གུ་༼སྤུ་གུ་༽ཡཱ་གཏིང་ཡག་ཨེ་འདྲས། ,115.26,113.5,Yes. Should I use cloth as a diaper like we Tibetans do or a foreign product? Which one is better?,122,37.0,ཡང་ད-དེང་སང་ཕྱི་རྒྱལ་གྱི་འང་,སྦྲུམ་མ་,116.133,ཡང་ ད- <0> དེང་སང་ ཕྱི་རྒྱལ་ གྱི་ འང་,yang  da[-]  deng sang  phyi rgyal  gyi  'ang ,561,567,N,nonPron,na,2,NA,l,R,ཡང་ ད- <0> དེང་སང་ ཕྱི་རྒྱལ་ གྱི་ འང་,ba372ZwARox,eVEutaJqdRY,གཏིང་ ཡ་,གཏིང,ཡ,Ind,None,Neutral,Nom,570,0,0,0.6931471805599453,0,0,0,5,0,0,0,1.6094379124341003,0,0,0,0,1,2,2,0,0,0,T,NA,0,0,0,1.9459101490553132,0,P
dgT3ZgIDwpe,three-baby-8121,hbMOmNccKZc,YjnssiuFTSy,nU9f8S9FRWB,23,R,10,2,4,,,,,phru gu  ya ,ཕྲུ་གུ་ ཡ་,1,2,568,569,6,sbrum ma'i phru gu,NA,22,person,refexpr,117,117,bg0FDEkXxxI,,ཕྲུ་གུ་ ཡ,ཕྲུ་གུ་ཡ,NA,,,FALSE,3,mUBWsSR9Tf7,three-baby-8121,115.26,116.079,NA,NA,107.667,འོ། _ཨཱ་ནི་ཕྲུ་གུ་༼སྤུ་གུ་༽སྐྱེ་ཚར་ནས་ཕྲུ་གུ་༼སྤུ་གུ་༽ཡཱ་ཆུ་གདན་ང་ཚོ་བོད་པའི་རས་ཨེ་ནས་གཏིང་ན་དགའ་བ་ཡོག་རེད། _ཡང་དེང་སང་ཕྱི་རྒྱལ་ཕྲུ་གུ་༼སྤུ་གུ་༽ཡཱ་གཏིང་ཡག་ཨེ་འདྲས། ,116.079,115.26,Yes. Should I use cloth as a diaper like we Tibetans do or a foreign product? Which one is better?,123,37.0,ཕྲུ་གུ་༼སྤུ་གུ་༽ཡ་གཏིང་ཡ་ཨེ་འདྲས། ,སྦྲུམ་མ་,116.133,ཕྲུ་གུ་ ཡ་ གཏིང་ ཡ་ ཨེ་འདྲས །,phru gu  ya  gting  ya  e 'dras /,568,573,N,nonPron,na,2,NA,l,R,ཕྲུ་གུ་ ཡ་ གཏིང་ ཡ་ ཨེ་འདྲས །,ba372ZwARox,eVEutaJqdRY,གཏིང་ ཡ་,གཏིང,ཡ,Ind,None,Neutral,Nom,570,1.0986122886681098,0,0,0,6,10,2,10,1.6094379124341003,10,1.0986122886681098,10,0,0,0,2,2,1,0.6931471805599453,0,0,R,NA,1,0,0,1.3862943611198906,0,R
